"Model","Probability"
"0",0.7572699775153595
"1",0.2427300224846406
