"Model","Probability"
"0",0.31570544087776986
"1",0.6842945591222304
