"Model","Probability"
"0",0.6884573052462549
"1",0.31154269475374535
