"Model","Probability"
"0",0.24140463010610977
"1",0.7585953698938904
