"Model","Probability"
"0",0.6726453848869514
"1",0.32735461511304853
