"Model","Probability"
"0",0.7494000590737732
"1",0.2505999409262267
