"Model","Probability"
"0",0.017404945264463165
"1",0.9825950547355371
