"Model","Probability"
"0",0.015890652503009882
"1",0.9841093474969903
