"Model","Probability"
"0",0.12909580489195832
"1",0.8709041951080418
