"Model","Probability"
"0",0.8294629799064085
"1",0.1705370200935916
