"Model","Probability"
"0",0.00038728534225063036
"1",0.9996127146577495
