"mu","clonalmutations","cellularity","weight"
24.058599171119386,1621.0617892858718,1.0750810648297806,0.00038728534225063036
