"Model","Probability"
"0",0.7416387744892275
"1",0.2583612255107726
