"Model","Probability"
"0",0.0011034300054313141
"1",0.9988965699945687
