"mu","clonalmutations","cellularity","weight"
5.819579246304206,652.4639999128487,1.0996657631990652,0.0011034300054313141
