"Model","Probability"
"0",0.00027536658888947324
"1",0.9997246334111104
