"Model","Probability"
"0",0.8210540678307792
"1",0.17894593216922056
