"Model","Probability"
"0",0.5855092494499523
"1",0.4144907505500479
