"Model","Probability"
"0",0.5296072808241732
"1",0.47039271917582703
