"Model","Probability"
"0",0.2843215977621604
"1",0.71567840223784
