"Model","Probability"
"0",0.7559986694815711
"1",0.2440013305184289
