"Model","Probability"
"0",0.6819152682798574
"1",0.3180847317201427
