"Model","Probability"
"0",0.6433727867577413
"1",0.35662721324225855
