"Model","Probability"
"0",0.6859974006129623
"1",0.3140025993870376
