"Model","Probability"
"0",0.00635862464727025
"1",0.9936413753527297
