"Model","Probability"
"0",0.3347511637780305
"1",0.6652488362219696
